Rank,Title,Published
1,China's navy is expanding at breakneck speed - and catching up with the US,NA
2,Putin says he reached 'understandings' with Trump over end of Ukraine war,NA
3,China's navy is expanding at breakneck speed - and catching up with the US,NA
4,Putin says he reached 'understandings' with Trump over end of Ukraine war,NA
5,"Camilla fought off attacker with shoe as teenager, book says",NA
6,"Enforcing Australia's social media ban on kids is possible but contains risks, report says",NA
7,Liverpool agree British record £125m fee for Isak,NA
8,Jewellery boss in £170m scam told shop staff to pretend to be customers,NA
9,How sheer luck made this tiny Caribbean island millions from its web address,NA
10,Why pop stars embracing sex is still controversial,NA
11,Trump is sending a 'great friend' to India. Some see him as a 'slap in the face',NA
12,BYD shares slide as China's EV price war hits profits,NA
13,"Fugitive wanted over Australia police killings being helped, police say",NA
14,Modi and Xi meet: Trump as the wildcard and other takeaways,NA
15,BYD shares slide as China's EV price war hits profits,NA
16,Meet the 'Bus Aunty' who's gone viral on TikTok,NA
17,"Putin, Modi and other world leaders in China for summit",NA
18,The best looks from the Venice red carpet so far,NA
19,Wembley steps turn yellow for Coldplay,NA
20,Luxury neighbourhood in Lahore submerged in floods,NA
21,Why I clean up my local canal path every day before I go to work,NA
22,Timelapse shows massive clouds of smoke from California wildfire,NA
23,"'We love you, you will always be with us', says father of Minneapolis shooting victim",NA
24,The bomber that became WW2's most expensive weapon,NA
25,The new film about how Putin's Russia was born,NA
26,Julia Roberts' new film could win her an Oscar,NA
27,Why a hunky Frankenstein's monster misses the point,NA
28,The biggest myths about sun protection,NA
29,Judge blocks Trump administration move to deport Guatemalan children,NA
30,Canada's first lunar rover looks to future space exploration,NA
31,Former NYC Mayor Rudy Giuliani injured in car accident,NA
32,US Open star gives boy cap after viral snatching video,NA
33,What is at stake in Malawi's elections?,NA
34,Man arrested after crashing car into Russian consulate in Australia,NA
35,British woman stabbed to death in Cambodia - police,NA
36,"Hamas spokesman Abu Obeida killed in Gaza, Israel says",NA
37,"Reeling from Trump's tariffs, India and China seek a business reboot",NA
38,"As beer sales fall, young Germans develop taste for alcohol-free lager",NA
39,What happens next after Trump tariffs ruled illegal?,NA
40,The first game to feel truly cinematic is back - years after its creator left,NA
41,Djokovic storms into last eight despite injury worries,NA
42,How will Liverpool fit Ekitike and Isak in the same team?,NA
43,It could be 'now or never' for Arteta - Rooney,NA
44,The Team Behind the Team - 'elite people' supporting elite athletes,NA
45,Is Miss England's AI round dangerous or progressive?,NA
46,Drones join battle against eight-toothed beetle threatening forests,NA
47,Mother and baby home archives in NI to be digitised,NA
48,AI stethoscope could detect major heart conditions in seconds,NA
49,Intermittent fasting: benefits or risks? Study raises questions about heart health,NA
50,The trade in US body parts that's completely legal - but ripe for exploitation,NA
51,Gordon Ramsay says he had treatment to remove skin cancer,NA
52,White House defends Robert F Kennedy Jr amid CDC turmoil,NA
53,They just met - now they're honeymooning in 'hell',NA
54,Frankenstein is monster success at Venice film festival,NA
55,America's royal wedding? What Taylor and Travis' big day could look like,NA
56,Black comedy No Other Choice is a 'masterpiece' ★★★★★,NA
57,'How I discovered a masterpiece',NA
58,Inside the secret lives of Yakuza women,NA
59,The moment that changed Picasso,NA
60,The first time sex was depicted in art?,NA
61,Behind the scenes at Gaudi's stunning La Sagrada Familia,NA
62,The 'trash district' fuelling Mexico City's top restaurants,NA
63,Where American travellers are spending Labor Day weekend,NA
64,A French retreat without cars - or clothes,NA
65,Three expert tips for booking a last-minute trip,NA
66,Is 'pay what you can' the newest restaurant trend?,NA
67,The little-known isle where meals cook beneath your feet,NA
68,Costa Rica's nine-course meal in the sky,NA
69,What is 'real' Italian pizza?,NA
70,Military drills spark hundreds of wildfires in UK,NA
71,The Druids Oak is 800 years old - can it help save tomorrow's forests?,NA
72,UK Conservatives pledge to get all oil and gas out of North Sea,NA
73,Thirsty data centres boom in drought-hit Mexico,NA
74,How tech is helping the world’s most endangered species,NA
75,The secret childhood of Princess Diana,NA
76,The most venomous snake of Guyana’s Amazon rainforest,NA
77,Watch the face-clawing sloth bear that scares tigers,NA
